cveID,vendorProject,product,vulnerabilityName,dateAdded,shortDescription,requiredAction,dueDate,knownRansomwareCampaignUse,notes,cwes
CVE-2025-66376,Synacor,Zimbra Collaboration Suite (ZCS),Synacor Zimbra Collaboration Suite (ZCS) Cross-Site Scripting Vulnerability,2026-03-18,Synacor Zimbra Collaboration Suite (ZCS) contains a cross-site scripting vulnerability in the Classic UI where attackers could abuse Cascading Style Sheets (CSS) @import directives in email HTML.,"Apply mitigations per vendor instructions, follow applicable BOD 22-01 guidance for cloud services, or discontinue use of the product if mitigations are unavailable.",2026-04-01,Unknown,https://wiki.zimbra.com/wiki/Zimbra_Security_Advisories ; https://nvd.nist.gov/vuln/detail/CVE-2025-66376,CWE-79
CVE-2026-20963,Microsoft,SharePoint,Microsoft SharePoint Deserialization of Untrusted Data Vulnerability,2026-03-18,Microsoft SharePoint contains a deserialization of untrusted data vulnerability that allows an unauthorized attacker to execute code over a network.,"Apply mitigations per vendor instructions, follow applicable BOD 22-01 guidance for cloud services, or discontinue use of the product if mitigations are unavailable.",2026-03-21,Unknown,https://msrc.microsoft.com/update-guide/vulnerability/CVE-2026-20963 ; https://nvd.nist.gov/vuln/detail/CVE-2026-20963,CWE-502
CVE-2025-47813,Wing FTP Server,Wing FTP Server,Wing FTP Server Information Disclosure Vulnerability,2026-03-16,Wing FTP Server contains a generation of error message containing sensitive information vulnerability when using a long value in the UID cookie.,"Apply mitigations per vendor instructions, follow applicable BOD 22-01 guidance for cloud services, or discontinue use of the product if mitigations are unavailable.",2026-03-30,Unknown,https://www.wftpserver.com/serverhistory.htm ; https://nvd.nist.gov/vuln/detail/CVE-2025-47813,CWE-209
CVE-2026-3910,Google,Chromium V8,Google Chromium V8 Improper Restriction of Operations Within the Bounds of a Memory Buffer Vulnerability,2026-03-13,"Google Chromium V8 contains an improper restriction of operations within the bounds of a memory buffer vulnerability that could allow a remote attacker to execute arbitrary code inside a sandbox via a crafted HTML page. This vulnerability could affect multiple web browsers that utilize Chromium, including, but not limited to, Google Chrome, Microsoft Edge, and Opera.","Apply mitigations per vendor instructions, follow applicable BOD 22-01 guidance for cloud services, or discontinue use of the product if mitigations are unavailable.",2026-03-27,Unknown,https://chromereleases.googleblog.com/2026/03/stable-channel-update-for-desktop_12.html ; https://nvd.nist.gov/vuln/detail/CVE-2026-3910,CWE-119
CVE-2026-3909,Google,Skia,Google Skia Out-of-Bounds Write Vulnerability,2026-03-13,"Google Skia contains an out-of-bounds write vulnerability that could allow a remote attacker to perform out of bounds memory access via a crafted HTML page. This vulnerability affects Google Chrome and ChromeOS, Android, Flutter, and possibly other products.","Apply mitigations per vendor instructions, follow applicable BOD 22-01 guidance for cloud services, or discontinue use of the product if mitigations are unavailable.",2026-03-27,Unknown,"This vulnerability affects a common open-source component, third-party library, or a protocol used by different products. Please check with specific vendors for information on patching status. For more information, please see: https://chromereleases.googleblog.com/2026/03/stable-channel-update-for-desktop_12.html#:~:text=Google%20is%20aware ; https://nvd.nist.gov/vuln/detail/CVE-2026-3909",CWE-787
CVE-2025-68613,n8n,n8n,n8n Improper Control of Dynamically-Managed Code Resources Vulnerability,2026-03-11,n8n contains an improper control of dynamically managed code resources vulnerability in its workflow expression evaluation system that allows for remote code execution.,"Apply mitigations per vendor instructions, follow applicable BOD 22-01 guidance for cloud services, or discontinue use of the product if mitigations are unavailable.",2026-03-25,Unknown,https://github.com/n8n-io/n8n/security/advisories/GHSA-v98v-ff95-f3cp ; https://nvd.nist.gov/vuln/detail/CVE-2025-68613,CWE-913
CVE-2021-22054,Omnissa,Workspace One UEM,Omnissa Workspace ONE Server-Side Request Forgery,2026-03-09,Omnissa Workspace One UEM formerly known as VMware Workspace One UEM contains a server-side request forgery (SSRF) vulnerability that could allow a malicious actor with network access to UEM to send their requests without authentication and to gain access to sensitive information.,"Apply mitigations per vendor instructions, follow applicable BOD 22-01 guidance for cloud services, or discontinue use of the product if mitigations are unavailable.",2026-03-23,Unknown,https://web.archive.org/web/20211222154335/https://www.vmware.com/security/advisories/VMSA-2021-0029.html ; https://nvd.nist.gov/vuln/detail/CVE-2021-22054,CWE-918
CVE-2025-26399,SolarWinds,Web Help Desk,SolarWinds Web Help Desk Deserialization of Untrusted Data Vulnerability,2026-03-09,SolarWinds Web Help Desk contain a deserialization of untrusted data vulnerability in AjaxProxy that could allow an attacker to run commands on the host machine.,"Apply mitigations per vendor instructions, follow applicable BOD 22-01 guidance for cloud services, or discontinue use of the product if mitigations are unavailable.",2026-03-12,Unknown,https://www.solarwinds.com/trust-center/security-advisories/cve-2025-26399 ; https://documentation.solarwinds.com/en/success_center/whd/content/release_notes/whd_12-8-7-hotfix-1_release_notes.htm ; https://nvd.nist.gov/vuln/detail/CVE-2025-26399,CWE-502
CVE-2026-1603,Ivanti, Endpoint Manager (EPM),Ivanti Endpoint Manager (EPM) Authentication Bypass Vulnerability,2026-03-09,Ivanti Endpoint Manager (EPM) contains an authentication bypass using an alternate path or channel vulnerability that could allow a remote unauthenticated attacker to leak specific stored credential data.,"Apply mitigations per vendor instructions, follow applicable BOD 22-01 guidance for cloud services, or discontinue use of the product if mitigations are unavailable.",2026-03-23,Unknown,https://hub.ivanti.com/s/article/Security-Advisory-EPM-February-2026-for-EPM-2024?language=en_US ; https://nvd.nist.gov/vuln/detail/CVE-2026-1603,CWE-288
CVE-2017-7921,Hikvision,Multiple Products,Hikvision Multiple Products Improper Authentication Vulnerability,2026-03-05,Multiple Hikvision products contain an improper authentication vulnerability that could allow a malicious user to escalate privileges on the system and gain access to sensitive information.,"Apply mitigations per vendor instructions, follow applicable BOD 22-01 guidance for cloud services, or discontinue use of the product if mitigations are unavailable.",2026-03-26,Unknown,https://www.hikvision.com/us-en/support/document-center/special-notices/privilege-escalating-vulnerability-in-certain-hikvision-ip-cameras/ ; https://nvd.nist.gov/vuln/detail/CVE-2017-7921,CWE-287
CVE-2021-22681,Rockwell,Multiple Products,Rockwell Multiple Products Insufficient Protected Credentials Vulnerability,2026-03-05,"Multiple Rockwell products contain an insufficient protected credentials vulnerability. Studio 5000 Logix Designer software may allow a key to be discovered. This key is used to verify Logix controllers are communicating with Rockwell Automation design software. If successfully exploited, this vulnerability could allow an unauthorized application to connect with Logix controllers. To leverage this vulnerability, an unauthorized user would require network access to the controller.","Apply mitigations per vendor instructions, follow applicable BOD 22-01 guidance for cloud services, or discontinue use of the product if mitigations are unavailable.",2026-03-26,Unknown,https://support.rockwellautomation.com/app/answers/answer_view/a_id/1130301/~/cve-2021-22681%3A-authentication-bypass-vulnerability-found-in-logix-controllers- ; https://www.cisa.gov/news-events/ics-advisories/icsa-21-056-03 ; https://nvd.nist.gov/vuln/detail/CVE-2021-22681,CWE-522
CVE-2023-43000,Apple,Multiple Products,Apple Multiple products Use-After-Free Vulnerability,2026-03-05,"Apple macOS, iOS, iPadOS, and Safari 16.6 contain a use-after-free vulnerability due to the processing of maliciously crafted web content that may lead to memory corruption.","Apply mitigations per vendor instructions, follow applicable BOD 22-01 guidance for cloud services, or discontinue use of the product if mitigations are unavailable.",2026-03-26,Unknown,https://support.apple.com/en-us/120324 ; https://support.apple.com/en-us/120331 ; https://support.apple.com/en-us/120338 ; https://nvd.nist.gov/vuln/detail/CVE-2023-43000,CWE-416
CVE-2021-30952,Apple,Multiple Products,Apple Multiple Products Integer Overflow or Wraparound Vulnerability,2026-03-05,"Apple tvOS, macOS, Safari, iPadOS and watchOS contain an integer overflow or wraparound vulnerability due to the processing of maliciously crafted web content that may lead to arbitrary code execution.","Apply mitigations per vendor instructions, follow applicable BOD 22-01 guidance for cloud services, or discontinue use of the product if mitigations are unavailable.",2026-03-26,Unknown,https://support.apple.com/en-us/HT212975 ; https://support.apple.com/en-us/HT212976 ; https://support.apple.com/en-us/HT212978 ; https://support.apple.com/en-us/HT212980 ; https://support.apple.com/en-us/HT212982 ; https://nvd.nist.gov/vuln/detail/CVE-2021-30952,CWE-190
CVE-2023-41974,Apple,iOS and iPadOS,Apple iOS and iPadOS Use-After-Free Vulnerability,2026-03-05,Apple iOS and iPadOS contain a use-after-free vulnerability. An app may be able to execute arbitrary code with kernel privileges.,"Apply mitigations per vendor instructions, follow applicable BOD 22-01 guidance for cloud services, or discontinue use of the product if mitigations are unavailable.",2026-03-26,Unknown,https://support.apple.com/en-us/HT213938 ; https://support.apple.com/kb/HT213938 ; https://nvd.nist.gov/vuln/detail/CVE-2023-41974,CWE-416
CVE-2026-22719,Broadcom,VMware Aria Operations,Broadcom VMware Aria Operations Command Injection Vulnerability,2026-03-03,"Broadcom VMware Aria Operations formerly known as vRealize Operations (vROps) contains a command injection vulnerability that allows an unauthenticated attacker to execute arbitrary commands, potentially leading to remote code execution during support‑assisted product migration.","Apply mitigations per vendor instructions, follow applicable BOD 22-01 guidance for cloud services, or discontinue use of the product if mitigations are unavailable.",2026-03-24,Unknown,https://support.broadcom.com/web/ecx/support-content-notification/-/external/content/SecurityAdvisories/0/36947 ; https://knowledge.broadcom.com/external/article/430349 ; https://nvd.nist.gov/vuln/detail/CVE-2026-22719,CWE-77
CVE-2026-21385,Qualcomm,Multiple Chipsets,Qualcomm Multiple Chipsets Memory Corruption Vulnerability,2026-03-03,Multiple Qualcomm chipsets contain a memory corruption vulnerability while using alignments for memory allocation. ,"Apply mitigations per vendor instructions, follow applicable BOD 22-01 guidance for cloud services, or discontinue use of the product if mitigations are unavailable.",2026-03-24,Unknown,"Please check with specific vendors (OEMs,) for information on patching status. For more information, please see: https://source.android.com/docs/security/bulletin/2026/2026-03-01 ; https://nvd.nist.gov/vuln/detail/CVE-2026-21385",CWE-190
CVE-2022-20775,Cisco,SD-WAN,Cisco SD-WAN Path Traversal Vulnerability,2026-02-25,Cisco SD-WAN CLI contains a path traversal vulnerability that could allow an authenticated local attacker to gain elevated privileges via improper access controls on commands within the application CLI. A successful exploit could allow the attacker to execute arbitrary commands as the root user.,Please adhere to CISA’s guidelines to assess exposure and mitigate risks associated with Cisco SD-WAN devices as outlines in CISA’s Emergency Directive 26-03 (URL listed below in Notes) and CISA’s “Hunt & Hardening Guidance for Cisco SD-WAN Devices (URL listed below in Notes). Adhere to the applicable BOD 22-01 guidance for cloud services or discontinue use of the product if mitigations are not available.,2026-02-27,Unknown,CISA Mitigation Instructions: https://www.cisa.gov/news-events/directives/ed-26-03-mitigate-vulnerabilities-cisco-sd-wan-systems ; https://www.cisa.gov/news-events/directives/supplemental-direction-ed-26-03-hunt-and-hardening-guidance-cisco-sd-wan-systems ; https://www.cisco.com/c/en/us/support/docs/csa/cisco-sa-sd-wan-priv-E6e8tEdF.html ; https://nvd.nist.gov/vuln/detail/CVE-2022-20775,"CWE-25, CWE-282"
CVE-2026-20127,Cisco,Catalyst SD-WAN Controller and Manager,Cisco Catalyst SD-WAN Controller and Manager Authentication Bypass Vulnerability,2026-02-25,"Cisco Catalyst SD-WAN Controller, formerly SD-WAN vSmart, and Cisco Catalyst SD-WAN Manager, formerly SD-WAN vManage, contain an authentication bypass vulnerability could allow an unauthenticated, remote attacker to bypass authentication and obtain administrative privileges on an affected system. This vulnerability exists because the peering authentication mechanism in an affected system is not working properly. An attacker could exploit this vulnerability by sending crafted requests to an affected system. A successful exploit could allow the attacker to log in to an affected Cisco Catalyst SD-WAN Controller as an internal, high-privileged, non-root user account. Using this account, the attacker could access NETCONF, which would then allow the attacker to manipulate network configuration for the SD-WAN fabric.",Please adhere to CISA’s guidelines to assess exposure and mitigate risks associated with Cisco SD-WAN devices as outlines in CISA’s Emergency Directive 26-03 (URL listed below in Notes) and CISA’s “Hunt & Hardening Guidance for Cisco SD-WAN Devices (URL listed below in Notes). Adhere to the applicable BOD 22-01 guidance for cloud services or discontinue use of the product if mitigations are not available.,2026-02-27,Unknown,CISA Mitigation Instructions: https://www.cisa.gov/news-events/directives/ed-26-03-mitigate-vulnerabilities-cisco-sd-wan-systems ; https://www.cisa.gov/news-events/directives/supplemental-direction-ed-26-03-hunt-and-hardening-guidance-cisco-sd-wan-systems ; https://sec.cloudapps.cisco.com/security/center/content/CiscoSecurityAdvisory/cisco-sa-sdwan-rpa-EHchtZk ; https://nvd.nist.gov/vuln/detail/CVE-2026-20127,CWE-287
CVE-2026-25108,Soliton Systems K.K,FileZen,Soliton Systems K.K FileZen OS Command Injection Vulnerability,2026-02-24,Soliton Systems K.K FileZen contains an OS command injection vulnerability when an user logs-in to the affected product and sends a specially crafted HTTP request.,"Apply mitigations per vendor instructions, follow applicable BOD 22-01 guidance for cloud services, or discontinue use of the product if mitigations are unavailable.",2026-03-17,Unknown,https://jvn.jp/en/jp/JVN84622767/ ; https://nvd.nist.gov/vuln/detail/CVE-2026-25108,CWE-78
CVE-2025-49113,Roundcube,Webmail,RoundCube Webmail Deserialization of Untrusted Data Vulnerability,2026-02-20,RoundCube Webmail contains a deserialization of untrusted data vulnerability that allows remote code execution by authenticated users because the _from parameter in a URL is not validated in program/actions/settings/upload.php.,"Apply mitigations per vendor instructions, follow applicable BOD 22-01 guidance for cloud services, or discontinue use of the product if mitigations are unavailable.",2026-03-13,Unknown,https://roundcube.net/news/2025/06/01/security-updates-1.6.11-and-1.5.10 ; https://github.com/roundcube/roundcubemail/releases/tag/1.5.10 ; https://github.com/roundcube/roundcubemail/releases/tag/1.6.11 ; https://nvd.nist.gov/vuln/detail/CVE-2025-49113,CWE-502
CVE-2025-68461,Roundcube,Webmail,RoundCube Webmail Cross-site Scripting Vulnerability,2026-02-20,RoundCube Webmail contains a cross-site scripting vulnerability via the animate tag in an SVG document.,"Apply mitigations per vendor instructions, follow applicable BOD 22-01 guidance for cloud services, or discontinue use of the product if mitigations are unavailable.",2026-03-13,Unknown,https://roundcube.net/news/2025/12/13/security-updates-1.6.12-and-1.5.12 ; https://github.com/roundcube/roundcubemail/commit/bfa032631c36b900e7444dfa278340b33cbf7cdb ; https://nvd.nist.gov/vuln/detail/CVE-2025-68461,CWE-79
CVE-2021-22175,GitLab,GitLab,GitLab Server-Side Request Forgery (SSRF) Vulnerability,2026-02-18,GitLab contains a server-side request forgery (SSRF) vulnerability when requests to the internal network for webhooks are enabled.,"Apply mitigations per vendor instructions, follow applicable BOD 22-01 guidance for cloud services, or discontinue use of the product if mitigations are unavailable.",2026-03-11,Unknown,https://gitlab.com/gitlab-org/cves/-/blob/master/2021/CVE-2021-22175.json ; https://nvd.nist.gov/vuln/detail/CVE-2021-22175,CWE-918
CVE-2026-22769,Dell,RecoverPoint for Virtual Machines (RP4VMs),Dell RecoverPoint for Virtual Machines (RP4VMs) Use of Hard-coded Credentials Vulnerability,2026-02-18,Dell RecoverPoint for Virtual Machines (RP4VMs) contains an use of hard-coded credentials vulnerability that could allow an unauthenticated remote attacker to gain unauthorized access to the underlying operating system and root-level persistence.,"Apply mitigations per vendor instructions, follow applicable BOD 22-01 guidance for cloud services, or discontinue use of the product if mitigations are unavailable.",2026-02-21,Unknown,https://www.dell.com/support/kbdoc/en-us/000426773/dsa-2026-079 ; https://www.dell.com/support/kbdoc/en-us/000426742/recoverpoint-for-vms-apply-the-remediation-script-for-dsa ; https://cloud.google.com/blog/topics/threat-intelligence/unc6201-exploiting-dell-recoverpoint-zero-day ; https://nvd.nist.gov/vuln/detail/CVE-2026-22769,CWE-798
CVE-2020-7796,Synacor,Zimbra Collaboration Suite,Synacor Zimbra Collaboration Suite (ZCS) Server-Side Request Forgery Vulnerability,2026-02-17,Synacor Zimbra Collaboration Suite (ZCS) contains a server-side request forgery vulnerability if WebEx zimlet installed and zimlet JSP is enabled.,"Apply mitigations per vendor instructions, follow applicable BOD 22-01 guidance for cloud services, or discontinue use of the product if mitigations are unavailable.",2026-03-10,Unknown,https://wiki.zimbra.com/wiki/Zimbra_Releases/8.8.15/P7 ; https://nvd.nist.gov/vuln/detail/CVE-2020-7796,CWE-918
CVE-2024-7694,TeamT5,ThreatSonar Anti-Ransomware,TeamT5 ThreatSonar Anti-Ransomware Unrestricted Upload of File with Dangerous Type Vulnerability,2026-02-17,"TeamT5 ThreatSonar Anti-Ransomware contains an unrestricted upload of file with dangerous type vulnerability. ThreatSonar Anti-Ransomware does not properly validate the content of uploaded files. Remote attackers with administrator privileges on the product platform can upload malicious files, which can be used to execute arbitrary system commands on the server.","Apply mitigations per vendor instructions, follow applicable BOD 22-01 guidance for cloud services, or discontinue use of the product if mitigations are unavailable.",2026-03-10,Unknown,https://teamt5.org/en/posts/vulnerability-notice-threat-sonar-anti-ransomware-20240715/ ; https://www.twcert.org.tw/en/cp-139-8000-e5a5c-2.html ; https://nvd.nist.gov/vuln/detail/CVE-2024-7694,CWE-434
CVE-2008-0015,Microsoft,Windows, Microsoft Windows Video ActiveX Control Remote Code Execution Vulnerability,2026-02-17,"Microsoft Windows Video ActiveX Control contains a remote code execution vulnerability. An attacker could exploit the vulnerability by constructing a specially crafted Web page. When a user views the Web page, the vulnerability could allow remote code execution. An attacker who successfully exploited this vulnerability could gain the same user rights as the logged-on user.","Apply mitigations per vendor instructions, follow applicable BOD 22-01 guidance for cloud services, or discontinue use of the product if mitigations are unavailable.",2026-03-10,Unknown,https://web.archive.org/web/20110305211119/https://www.microsoft.com/technet/security/bulletin/ms09-032.mspx ; https://nvd.nist.gov/vuln/detail/CVE-2008-0015,
CVE-2026-2441,Google,Chromium,Google Chromium CSS Use-After-Free Vulnerability,2026-02-17,"Google Chromium CSS contains a use-after-free vulnerability that could allow a remote attacker to potentially exploit heap corruption via a crafted HTML page. This vulnerability could affect multiple web browsers that utilize Chromium, including, but not limited to, Google Chrome, Microsoft Edge, and Opera.","Apply mitigations per vendor instructions, follow applicable BOD 22-01 guidance for cloud services, or discontinue use of the product if mitigations are unavailable.",2026-03-10,Unknown,https://chromereleases.googleblog.com/2026/02/stable-channel-update-for-desktop_13.html ; https://nvd.nist.gov/vuln/detail/CVE-2026-2441,CWE-416
CVE-2026-1731,BeyondTrust,Remote Support (RS) and Privileged Remote Access (PRA),BeyondTrust Remote Support (RS) and Privileged Remote Access (PRA) OS Command Injection Vulnerability,2026-02-13,"BeyondTrust Remote Support (RS) and Privileged Remote Access (PRA)contain an OS command injection vulnerability. Successful exploitation could allow an unauthenticated remote attacker to execute operating system commands in the context of the site user. Successful exploitation requires no authentication or user interaction and may lead to system compromise, including unauthorized access, data exfiltration, and service disruption.","Apply mitigations per vendor instructions, follow applicable BOD 22-01 guidance for cloud services, or discontinue use of the product if mitigations are unavailable.",2026-02-16,Known,Please adhere to the vendor's guidelines to assess exposure and mitigate risks. Check for signs of potential compromise on all internet accessible BeyondTrust products affected by this vulnerability. For more information please: see: https://www.beyondtrust.com/trust-center/security-advisories/bt26-02 ; https://nvd.nist.gov/vuln/detail/CVE-2026-1731,CWE-78
CVE-2026-20700,Apple,Multiple Products,Apple Multiple Buffer Overflow Vulnerability,2026-02-12,"Apple iOS, macOS, tvOS, watchOS, and visionOS contain an improper restriction of operations within the bounds of a memory buffer vulnerability that could allow an attacker with memory write the capability to execute arbitrary code.","Apply mitigations per vendor instructions, follow applicable BOD 22-01 guidance for cloud services, or discontinue use of the product if mitigations are unavailable.",2026-03-05,Unknown,https://support.apple.com/en-us/126346 ; https://support.apple.com/en-us/126348 ; https://support.apple.com/en-us/126351 ; https://support.apple.com/en-us/126352 ; https://support.apple.com/en-us/126353 ; https://nvd.nist.gov/vuln/detail/CVE-2026-20700,CWE-119
CVE-2024-43468,Microsoft,Configuration Manager,Microsoft Configuration Manager SQL Injection Vulnerability,2026-02-12,Microsoft Configuration Manager contains an SQL injection vulnerability. An unauthenticated attacker could exploit this vulnerability by sending specially crafted requests to the target environment which are processed in an unsafe manner enabling the attacker to execute commands on the server and/or underlying database.,"Apply mitigations per vendor instructions, follow applicable BOD 22-01 guidance for cloud services, or discontinue use of the product if mitigations are unavailable.",2026-03-05,Unknown,https://msrc.microsoft.com/update-guide/vulnerability/CVE-2024-43468 ; https://nvd.nist.gov/vuln/detail/CVE-2024-43468,CWE-89
CVE-2025-15556,Notepad++,Notepad++,Notepad++ Download of Code Without Integrity Check Vulnerability,2026-02-12,"Notepad++ when using the WinGUp updater, contains a download of code without integrity check vulnerability that could allow an attacker to intercept or redirect update traffic to download and execute an attacker-controlled installer. This could lead to arbitrary code execution with the privileges of the user.","Apply mitigations per vendor instructions, follow applicable BOD 22-01 guidance for cloud services, or discontinue use of the product if mitigations are unavailable.",2026-03-05,Unknown,https://notepad-plus-plus.org/news/clarification-security-incident/ ; https://community.notepad-plus-plus.org/topic/27298/notepad-v8-8-9-vulnerability-fix ; https://nvd.nist.gov/vuln/detail/CVE-2025-15556,CWE-494
CVE-2025-40536,SolarWinds,Web Help Desk,SolarWinds Web Help Desk Security Control Bypass Vulnerability,2026-02-12,SolarWinds Web Help Desk contains a security control bypass vulnerability that could allow an unauthenticated attacker to gain access to certain restricted functionality.,"Apply mitigations per vendor instructions, follow applicable BOD 22-01 guidance for cloud services, or discontinue use of the product if mitigations are unavailable.",2026-02-15,Unknown,https://documentation.solarwinds.com/en/success_center/whd/content/release_notes/whd_2026-1_release_notes.htm ; https://www.solarwinds.com/trust-center/security-advisories/CVE-2025-40536 ; https://nvd.nist.gov/vuln/detail/CVE-2025-40536,CWE-693
CVE-2026-21513,Microsoft,Windows,Microsoft MSHTML Framework Protection Mechanism Failure Vulnerability,2026-02-10,Microsoft MSHTML Framework contains a protection mechanism failure vulnerability that could allow an unauthorized attacker to bypass a security feature over a network.,"Apply mitigations per vendor instructions, follow applicable BOD 22-01 guidance for cloud services, or discontinue use of the product if mitigations are unavailable.",2026-03-03,Unknown,https://msrc.microsoft.com/update-guide/advisory/CVE-2026-21513 ; https://nvd.nist.gov/vuln/detail/CVE-2026-21513,CWE-693
CVE-2026-21525,Microsoft,Windows,Microsoft Windows NULL Pointer Dereference Vulnerability,2026-02-10,Microsoft Windows Remote Access Connection Manager contains a NULL pointer dereference that could allow an unauthorized attacker to deny service locally.,"Apply mitigations per vendor instructions, follow applicable BOD 22-01 guidance for cloud services, or discontinue use of the product if mitigations are unavailable.",2026-03-03,Unknown,https://msrc.microsoft.com/update-guide/vulnerability/CVE-2026-21525 ; https://nvd.nist.gov/vuln/detail/CVE-2026-21525,CWE-476
CVE-2026-21510,Microsoft,Windows,Microsoft Windows Shell Protection Mechanism Failure Vulnerability,2026-02-10,Microsoft Windows Shell contains a protection mechanism failure vulnerability that could allow an unauthorized attacker to bypass a security feature over a network. ,"Apply mitigations per vendor instructions, follow applicable BOD 22-01 guidance for cloud services, or discontinue use of the product if mitigations are unavailable.",2026-03-03,Unknown,https://msrc.microsoft.com/update-guide/vulnerability/CVE-2026-21510 ; https://nvd.nist.gov/vuln/detail/CVE-2026-21510 ,CWE-693
CVE-2026-21533,Microsoft,Windows,Microsoft Windows Improper Privilege Management Vulnerability,2026-02-10,Microsoft Windows Remote Desktop Services contains an improper privilege management vulnerability that could allow an authorized attacker to elevate privileges locally.,"Apply mitigations per vendor instructions, follow applicable BOD 22-01 guidance for cloud services, or discontinue use of the product if mitigations are unavailable.",2026-03-03,Unknown,https://msrc.microsoft.com/update-guide/vulnerability/CVE-2026-21533 ; https://nvd.nist.gov/vuln/detail/CVE-2026-21533,CWE-269
CVE-2026-21519,Microsoft,Windows,Microsoft Windows Type Confusion Vulnerability,2026-02-10,Microsoft Desktop Windows Manager contains a type confusion vulnerability that could allow an authorized attacker to elevate privileges locally.,"Apply mitigations per vendor instructions, follow applicable BOD 22-01 guidance for cloud services, or discontinue use of the product if mitigations are unavailable.",2026-03-03,Unknown,https://msrc.microsoft.com/update-guide/vulnerability/CVE-2026-21519 ; https://nvd.nist.gov/vuln/detail/CVE-2026-21519,CWE-843
CVE-2026-21514,Microsoft,Office,Microsoft Office Word Reliance on Untrusted Inputs in a Security Decision Vulnerability,2026-02-10,Microsoft Office Word contains a reliance on untrusted inputs in a security decision vulnerability that could allow an authorized attacker to elevate privileges locally.,"Apply mitigations per vendor instructions, follow applicable BOD 22-01 guidance for cloud services, or discontinue use of the product if mitigations are unavailable.",2026-03-03,Unknown,https://msrc.microsoft.com/update-guide/vulnerability/CVE-2026-21514 ; https://nvd.nist.gov/vuln/detail/CVE-2026-21514,CWE-807
CVE-2025-11953,React Native Community,CLI,React Native Community CLI OS Command Injection Vulnerability,2026-02-05,"React Native Community CLI contains an OS command injection vulnerability which could allow unauthenticated network attackers to send POST requests to the Metro Development Server and run arbitrary executables via a vulnerable endpoint exposed by the server. On Windows, attackers can also execute arbitrary shell commands with fully controlled arguments.","Apply mitigations per vendor instructions, follow applicable BOD 22-01 guidance for cloud services, or discontinue use of the product if mitigations are unavailable.",2026-02-26,Unknown,"This vulnerability could affect an open-source component, third-party library, protocol, or proprietary implementation that could be used by different products. For more information, please see: https://github.com/react-native-community/cli/commit/15089907d1f1301b22c72d7f68846a2ef20df547 ; https://github.com/react-native-community/cli/pull/2735 ; https://nvd.nist.gov/vuln/detail/CVE-2025-11953",CWE-78
CVE-2026-24423,SmarterTools,SmarterMail,SmarterTools SmarterMail Missing Authentication for Critical Function Vulnerability,2026-02-05,SmarterTools SmarterMail contains a missing authentication for critical function vulnerability in the ConnectToHub API method. This could allow the attacker to point the SmarterMail instance to a malicious HTTP server which serves the malicious OS command and could lead to command execution. ,"Apply mitigations per vendor instructions, follow applicable BOD 22-01 guidance for cloud services, or discontinue use of the product if mitigations are unavailable.",2026-02-26,Known,https://www.smartertools.com/smartermail/release-notes/current ; https://www.cve.org/CVERecord?id=CVE-2026-24423 ; https://nvd.nist.gov/vuln/detail/CVE-2026-24423,CWE-306
CVE-2021-39935,GitLab,Community and Enterprise Editions,GitLab Community and Enterprise Editions Server-Side Request Forgery (SSRF) Vulnerability,2026-02-03,GitLab Community and Enterprise Editions contain a server-side request forgery vulnerability which could allow unauthorized external users to perform Server Side Requests via the CI Lint API. ,"Apply mitigations per vendor instructions, follow applicable BOD 22-01 guidance for cloud services, or discontinue use of the product if mitigations are unavailable.",2026-02-24,Unknown,https://about.gitlab.com/releases/2021/12/06/security-release-gitlab-14-5-2-released/ ; https://nvd.nist.gov/vuln/detail/CVE-2021-39935,CWE-918
CVE-2025-64328,Sangoma,FreePBX ,Sangoma FreePBX OS Command Injection Vulnerability,2026-02-03,Sangoma FreePBX Endpoint Manager contains an OS command injection vulnerability that could allow for a post-authentication command injection by an authenticated known user via the testconnection -> check_ssh_connect() function. An attacker can leverage this vulnerability to potentially obtain remote access to the system as an asterisk user. ,"Apply mitigations per vendor instructions, follow applicable BOD 22-01 guidance for cloud services, or discontinue use of the product if mitigations are unavailable.",2026-02-24,Unknown,https://github.com/FreePBX/security-reporting/security/advisories/GHSA-vm9p-46mv-5xvw ; https://nvd.nist.gov/vuln/detail/CVE-2025-64328,CWE-78
CVE-2019-19006,Sangoma,FreePBX, Sangoma FreePBX Improper Authentication Vulnerability,2026-02-03,Sangoma FreePBX contains an improper authentication vulnerability that potentially allows unauthorized users to bypass password authentication and access services provided by the FreePBX admin.,"Apply mitigations per vendor instructions, follow applicable BOD 22-01 guidance for cloud services, or discontinue use of the product if mitigations are unavailable.",2026-02-24,Unknown,https://wiki.freepbx.org/display/FOP/2019-11-20%2BRemote%2BAdmin%2BAuthentication%2BBypass ; https://nvd.nist.gov/vuln/detail/CVE-2019-19006,CWE-287
CVE-2025-40551,SolarWinds,Web Help Desk,SolarWinds Web Help Desk Deserialization of Untrusted Data Vulnerability,2026-02-03,"SolarWinds Web Help Desk contains a deserialization of untrusted data vulnerability that could lead to remote code execution, which would allow an attacker to run commands on the host machine. This could be exploited without authentication.","Apply mitigations per vendor instructions, follow applicable BOD 22-01 guidance for cloud services, or discontinue use of the product if mitigations are unavailable.",2026-02-06,Unknown,https://www.solarwinds.com/trust-center/security-advisories/cve-2025-40551 ; https://nvd.nist.gov/vuln/detail/CVE-2025-40551,CWE-502
CVE-2026-1281,Ivanti,Endpoint Manager Mobile (EPMM),Ivanti Endpoint Manager Mobile (EPMM) Code Injection Vulnerability,2026-01-29,Ivanti Endpoint Manager Mobile (EPMM) contains a code injection vulnerability that could allow attackers to achieve unauthenticated remote code execution.,"Apply mitigations per vendor instructions, follow applicable BOD 22-01 guidance for cloud services, or discontinue use of the product if mitigations are unavailable.",2026-02-01,Unknown,Please adhere to Ivanti's guidelines to assess exposure and mitigate risks. Check for signs of potential compromise on all internet accessible Ivanti products affected by this vulnerability. Apply any final mitigations provided by the vendor as soon as possible. For more information please: see: https://forums.ivanti.com/s/article/Security-Advisory-Ivanti-Endpoint-Manager-Mobile-EPMM-CVE-2026-1281-CVE-2026-1340 ; https://support.mobileiron.com/mi/vsp/AB1771634/ivanti-security-update-1761642-1.0.0S-5.noarch.rpm ; https://support.mobileiron.com/mi/vsp/AB1771634/ivanti-security-update-1761642-1.0.0L-5.noarch.rpm ; https://nvd.nist.gov/vuln/detail/CVE-2026-1281,CWE-94
CVE-2026-24858,Fortinet,Multiple Products,Fortinet Multiple Products Authentication Bypass Using an Alternate Path or Channel Vulnerability,2026-01-27,"Fortinet FortiAnalyzer, FortiManager, FortiOS, and FortiProxy contain an authentication bypass using an alternate path or channel that could allow an attacker with a FortiCloud account and a registered device to log into other devices registered to other accounts, if FortiCloud SSO authentication is enabled on those devices.","Apply mitigations per vendor instructions, follow applicable BOD 22-01 guidance for cloud services, or discontinue use of the product if mitigations are unavailable.",2026-01-30,Unknown,Please adhere to Fortinet's guidelines to assess exposure and mitigate risks. Check for signs of potential compromise on all internet accessible Fortinet products affected by this vulnerability. Apply any final mitigations provided by the vendor as soon as they become available. For more information please see: https://fortiguard.fortinet.com/psirt/FG-IR-26-060 ; https://www.fortinet.com/blog/psirt-blogs/analysis-of-sso-abuse-on-fortios ; https://nvd.nist.gov/vuln/detail/CVE-2026-24858,CWE-288
CVE-2018-14634,Linux,Kernal,Linux Kernel Integer Overflow Vulnerability,2026-01-26,Linux Kernel contains an integer overflow vulnerability in the create_elf_tables() function which could allow an unprivileged local user with access to SUID (or otherwise privileged) binary to escalate their privileges on the system.,"Apply mitigations per vendor instructions, follow applicable BOD 22-01 guidance for cloud services, or discontinue use of the product if mitigations are unavailable.",2026-02-16,Unknown,"This vulnerability affects a common open-source component, third-party library, or a protocol used by different products. Please check with specific vendors for information on patching status. For more information, please see: https://git.kernel.org/pub/scm/linux/kernel/git/stable/linux.git/about/ ; https://www.kernel.org/ ; https://www.cve.org/CVERecord?id=CVE-2018-14634 ; https://access.redhat.com/errata/RHSA-2018:3540 ; https://nvd.nist.gov/vuln/detail/CVE-2018-14634",CWE-190
CVE-2025-52691,SmarterTools,SmarterMail,SmarterTools SmarterMail Unrestricted Upload of File with Dangerous Type Vulnerability,2026-01-26,"SmarterTools SmarterMail contains an unrestricted upload of file with dangerous type vulnerability that could allow an unauthenticated attacker to upload arbitrary files to any location on the mail server, potentially enabling remote code execution.","Apply mitigations per vendor instructions, follow applicable BOD 22-01 guidance for cloud services, or discontinue use of the product if mitigations are unavailable.",2026-02-16,Unknown,https://www.smartertools.com/smartermail/release-notes/current ; https://www.csa.gov.sg/alerts-and-advisories/alerts/al-2025-124/ ; https://nvd.nist.gov/vuln/detail/CVE-2025-52691,CWE-434
CVE-2026-23760,SmarterTools,SmarterMail,SmarterTools SmarterMail Authentication Bypass Using an Alternate Path or Channel Vulnerability,2026-01-26,"SmarterTools SmarterMail contains an authentication bypass using an alternate path or channel vulnerability in the password reset API. The force-reset-password endpoint permits anonymous requests and fails to verify the existing password or a reset token when resetting system administrator accounts. This could allow an unauthenticated attacker to supply a target administrator username and a new password to reset the account, resulting in full administrative compromise of the SmarterMail instance.","Apply mitigations per vendor instructions, follow applicable BOD 22-01 guidance for cloud services, or discontinue use of the product if mitigations are unavailable.",2026-02-16,Known,https://www.smartertools.com/smartermail/release-notes/current ; https://nvd.nist.gov/vuln/detail/CVE-2026-23760,CWE-288
CVE-2026-24061,GNU,InetUtils,GNU InetUtils Argument Injection Vulnerability,2026-01-26,"GNU InetUtils contains an argument injection vulnerability in telnetd that could allow for remote authentication bypass via a ""-f root"" value for the USER environment variable.","Apply mitigations per vendor instructions, follow applicable BOD 22-01 guidance for cloud services, or discontinue use of the product if mitigations are unavailable.",2026-02-16,Unknown,"This vulnerability could affect an open-source component, third-party library, protocol, or proprietary implementation that could be used by different products. For more information, please see: https://cgit.git.savannah.gnu.org/cgit/inetutils.git ; https://codeberg.org/inetutils/inetutils/commit/ccba9f748aa8d50a38d7748e2e60362edd6a32cc; https://codeberg.org/inetutils/inetutils/commit/fd702c02497b2f398e739e3119bed0b23dd7aa7b ; https://nvd.nist.gov/vuln/detail/CVE-2026-24061",CWE-88
CVE-2026-21509,Microsoft,Office,Microsoft Office Security Feature Bypass Vulnerability,2026-01-26,Microsoft Office contains a security feature bypass vulnerability in which reliance on untrusted inputs in a security decision in Microsoft Office could allow an unauthorized attacker to bypass a security feature locally. Some of the impacted product(s) could be end-of-life (EoL) and/or end-of-service (EoS). Users are advised to discontinue use and/or transition to a supported version.,"Apply mitigations per vendor instructions, follow applicable BOD 22-01 guidance for cloud services, or discontinue use of the product if mitigations are unavailable.",2026-02-16,Unknown,"Please adhere to Microsoft’s recommended guidelines to address this vulnerability. Implement all final mitigations provided by the vendor for Office 2021, and apply the interim corresponding mitigations for Office 2016 and Office 2019 until the final patch becomes available. For more information please see: https://msrc.microsoft.com/update-guide/vulnerability/CVE-2026-21509 ; https://nvd.nist.gov/vuln/detail/CVE-2026-21509",CWE-807
CVE-2024-37079,Broadcom,VMware vCenter Server,Broadcom VMware vCenter Server Out-of-bounds Write Vulnerability,2026-01-23,"Broadcom VMware vCenter Server contains an out-of-bounds write vulnerability in the implementation of the DCERPC protocol. This could allow a malicious actor with network access to vCenter Server to send specially crafted network packets, potentially leading to remote code execution.","Apply mitigations per vendor instructions, follow applicable BOD 22-01 guidance for cloud services, or discontinue use of the product if mitigations are unavailable.",2026-02-13,Unknown,https://support.broadcom.com/web/ecx/support-content-notification/-/external/content/SecurityAdvisories/0/24453 ; https://nvd.nist.gov/vuln/detail/CVE-2024-37079,CWE-787
CVE-2025-68645,Synacor, Zimbra Collaboration Suite (ZCS),Synacor Zimbra Collaboration Suite (ZCS) PHP Remote File Inclusion Vulnerability,2026-01-22,"Synacor Zimbra Collaboration Suite (ZCS) contains a PHP remote file inclusion vulnerability that could allow for remote attackers to craft requests to the /h/rest endpoint to influence internal request dispatching, allowing inclusion of arbitrary files from the WebRoot directory.","Apply mitigations per vendor instructions, follow applicable BOD 22-01 guidance for cloud services, or discontinue use of the product if mitigations are unavailable.",2026-02-12,Unknown,https://wiki.zimbra.com/wiki/Security_Center ; https://nvd.nist.gov/vuln/detail/CVE-2025-68645,CWE-98
CVE-2025-34026,Versa,Concerto,Versa Concerto Improper Authentication Vulnerability,2026-01-22,"Versa Concerto SD-WAN orchestration platform contains an improper authentication vulnerability in the Traefik reverse proxy configuration, allowing at attacker to access administrative endpoints. The internal Actuator endpoint can be leveraged for access to heap dumps and trace logs.","Apply mitigations per vendor instructions, follow applicable BOD 22-01 guidance for cloud services, or discontinue use of the product if mitigations are unavailable.",2026-02-12,Unknown,https://security-portal.versa-networks.com/emailbulletins/6830f94328defa375486ff2e ; https://nvd.nist.gov/vuln/detail/CVE-2025-34026,CWE-288
CVE-2025-31125,Vite,Vitejs,Vite Vitejs Improper Access Control Vulnerability,2026-01-22,Vite Vitejs contains an improper access control vulnerability that exposes content of non-allowed files using ?inline&import or ?raw?import. Only apps explicitly exposing the Vite dev server to the network (using --host or server.host config option) are affected.,"Apply mitigations per vendor instructions, follow applicable BOD 22-01 guidance for cloud services, or discontinue use of the product if mitigations are unavailable.",2026-02-12,Unknown,"This vulnerability could affect an open-source component, third-party library, protocol, or proprietary implementation that could be used by different products. For more information, please see: https://github.com/vitejs/vite/commit/59673137c45ac2bcfad1170d954347c1a17ab949 ; https://nvd.nist.gov/vuln/detail/CVE-2025-31125","CWE-200, CWE-284"
CVE-2025-54313,Prettier,eslint-config-prettier,Prettier eslint-config-prettier Embedded Malicious Code Vulnerability,2026-01-22,Prettier eslint-config-prettier contains an embedded malicious code vulnerability. Installing an affected package executes an install.js file that launches the node-gyp.dll malware on Windows.,"Apply mitigations per vendor instructions, follow applicable BOD 22-01 guidance for cloud services, or discontinue use of the product if mitigations are unavailable.",2026-02-12,Unknown,"This vulnerability could affect an open-source component, third-party library, protocol, or proprietary implementation that could be used by different products. For more information, please see: https://www.npmjs.com/package/eslint-config-prettier?activeTab=versions ; https://github.com/prettier/eslint-config-prettier/issues/339#issuecomment-3090304490 ; https://nvd.nist.gov/vuln/detail/CVE-2025-54313",CWE-506
CVE-2026-20045,Cisco,Unified Communications Manager,Cisco Unified Communications Products Code Injection Vulnerability,2026-01-21,"Cisco Unified Communications Manager (Unified CM), Cisco Unified Communications Manager Session Management Edition (Unified CM SME), Cisco Unified Communications Manager IM & Presence Service (Unified CM IM&P), Cisco Unity Connection, and Cisco Webex Calling Dedicated Instance contain a code injection vulnerability that could allow the attacker to obtain user-level access to the underlying operating system and then elevate privileges to root.","Apply mitigations per vendor instructions, follow applicable BOD 22-01 guidance for cloud services, or discontinue use of the product if mitigations are unavailable.",2026-02-11,Unknown,https://sec.cloudapps.cisco.com/security/center/content/CiscoSecurityAdvisory/cisco-sa-voice-rce-mORhqY4b ; https://nvd.nist.gov/vuln/detail/CVE-2026-20045,CWE-94
CVE-2026-20805,Microsoft,Windows,Microsoft Windows Information Disclosure Vulnerability,2026-01-13,Microsoft Windows Desktop Windows Manager contains an information disclosure vulnerability that allows an authorized attacker to disclose information locally.,"Apply mitigations per vendor instructions, follow applicable BOD 22-01 guidance for cloud services, or discontinue use of the product if mitigations are unavailable.",2026-02-03,Unknown,https://msrc.microsoft.com/update-guide/en-US/vulnerability/CVE-2026-20805 ; https://nvd.nist.gov/vuln/detail/CVE-2026-20805,CWE-200
CVE-2025-8110,Gogs,Gogs,Gogs Path Traversal Vulnerability,2026-01-12,Gogs contains a path traversal vulnerability affecting improper Symbolic link handling in the PutContents API that could allow for code execution.,"Apply mitigations per vendor instructions, follow applicable BOD 22-01 guidance for cloud services, or discontinue use of the product if mitigations are unavailable.",2026-02-02,Unknown,https://github.com/gogs/gogs/commit/553707f3fd5f68f47f531cfcff56aa3ec294c6f6 ; https://nvd.nist.gov/vuln/detail/CVE-2025-8110,CWE-22
CVE-2009-0556,Microsoft,Office,Microsoft Office PowerPoint Code Injection Vulnerability,2026-01-07,Microsoft Office PowerPoint contains a code injection vulnerability that allows remote attackers to execute arbitrary code via a PowerPoint file with an OutlineTextRefAtom containing an invalid index value that triggers memory corruption.,"Apply mitigations per vendor instructions, follow applicable BOD 22-01 guidance for cloud services, or discontinue use of the product if mitigations are unavailable.",2026-01-28,Unknown,https://learn.microsoft.com/en-us/security-updates/securitybulletins/2009/ms09-017 ; https://nvd.nist.gov/vuln/detail/CVE-2009-0556,CWE-94
CVE-2025-37164,Hewlett Packard Enterprise (HPE),OneView,Hewlett Packard Enterprise (HPE) OneView Code Injection Vulnerability,2026-01-07,Hewlett Packard Enterprise (HPE) OneView contains a code injection vulnerability that allows a remote unauthenticated user to perform remote code execution.,"Apply mitigations per vendor instructions, follow applicable BOD 22-01 guidance for cloud services, or discontinue use of the product if mitigations are unavailable.",2026-01-28,Unknown,https://support.hpe.com/hpesc/public/docDisplay?docId=hpesbgn04985en_us&docLocale=en_US ; https://nvd.nist.gov/vuln/detail/CVE-2025-37164,CWE-94
CVE-2025-14847,MongoDB,MongoDB and MongoDB Server,MongoDB and MongoDB Server Improper Handling of Length Parameter Inconsistency Vulnerability,2025-12-29,MongoDB Server contains an improper handling of length parameter inconsistency vulnerability in Zlib compressed protocol headers. This vulnerability may allow a read of uninitialized heap memory by an unauthenticated client.,"Apply mitigations per vendor instructions, follow applicable BOD 22-01 guidance for cloud services, or discontinue use of the product if mitigations are unavailable.",2026-01-19,Unknown,"This vulnerability could affect an open-source component, third-party library, protocol, or proprietary implementation that could be used by different products. For more information, please see: https://jira.mongodb.org/browse/SERVER-115508 ; https://nvd.nist.gov/vuln/detail/CVE-2025-14847",CWE-130
CVE-2023-52163,Digiever,DS-2105 Pro,Digiever DS-2105 Pro Missing Authorization Vulnerability,2025-12-22,Digiever DS-2105 Pro contains a missing authorization vulnerability which could allow for command injection via time_tzsetup.cgi.,"Apply mitigations per vendor instructions, follow applicable BOD 22-01 guidance for cloud services, or discontinue use of the product if mitigations are unavailable.",2026-01-12,Unknown,https://www.digiever.com/tw/support/faq-content.php?FAQ=217 ; https://nvd.nist.gov/vuln/detail/CVE-2023-52163,CWE-862
CVE-2025-14733,WatchGuard,Firebox,WatchGuard Firebox Out of Bounds Write Vulnerability,2025-12-19,WatchGuard Fireware OS iked process contains an out of bounds write vulnerability in the OS iked process. This vulnerability may allow a remote unauthenticated attacker to execute arbitrary code and affects both the mobile user VPN with IKEv2 and the branch office VPN using IKEv2 when configured with a dynamic gateway peer.,"Apply mitigations per vendor instructions, follow applicable BOD 22-01 guidance for cloud services, or discontinue use of the product if mitigations are unavailable.",2025-12-26,Unknown,Check for signs of potential compromise on all internet accessible instances after applying mitigations. For more information please see: https://www.watchguard.com/wgrd-psirt/advisory/wgsa-2025-00027 ; https://nvd.nist.gov/vuln/detail/CVE-2025-14733,CWE-787
CVE-2025-59374,ASUS,Live Update,ASUS Live Update Embedded Malicious Code Vulnerability,2025-12-17,ASUS Live Update contains an embedded malicious code vulnerability client were distributed with unauthorized modifications introduced through a supply chain compromise. The modified builds could cause devices meeting specific targeting conditions to perform unintended actions. The impacted product could be end-of-life (EoL) and/or end-of-service (EoS). Users should discontinue product utilization.,"Apply mitigations per vendor instructions, follow applicable BOD 22-01 guidance for cloud services, or discontinue use of the product if mitigations are unavailable.",2026-01-07,Unknown,https://www.asus.com/support/faq/1018727/ ; https://nvd.nist.gov/vuln/detail/CVE-2025-59374,CWE-506
CVE-2025-40602,SonicWall,SMA1000 appliance,SonicWall SMA1000 Missing Authorization Vulnerability,2025-12-17,SonicWall SMA1000 contains a missing authorization vulnerability that could allow for privilege escalation appliance management console (AMC) of affected devices.,"Apply mitigations per vendor instructions, follow applicable BOD 22-01 guidance for cloud services, or discontinue use of the product if mitigations are unavailable",2025-12-24,Unknown,Check for signs of potential compromise on all internet accessible SonicWall SMA1000 instances after applying mitigations. For more information please see: https://psirt.global.sonicwall.com/vuln-detail/SNWLID-2025-0019 ; https://nvd.nist.gov/vuln/detail/CVE-2025-40602,"CWE-862, CWE-250"
CVE-2025-20393,Cisco,Multiple Products,Cisco Multiple Products Improper Input Validation Vulnerability,2025-12-17,"Cisco Secure Email Gateway, Secure Email, AsyncOS Software, and Web Manager appliances contains an improper input validation vulnerability that allows threat actors to execute arbitrary commands with root privileges on the underlying operating system of an affected appliance.","Apply mitigations per vendor instructions, follow applicable BOD 22-01 guidance for cloud services, or discontinue use of the product if mitigations are unavailable.",2025-12-24,Unknown,Please adhere to Cisco's guidelines to assess exposure and mitigate risks. Check for signs of potential compromise on all internet accessible Cisco products affected by this vulnerability. Apply any final mitigations provided by the vendor as soon as they become available. For more information please see: https://sec.cloudapps.cisco.com/security/center/content/CiscoSecurityAdvisory/cisco-sa-sma-attack-N9bf4 ; https://nvd.nist.gov/vuln/detail/CVE-2025-20393,CWE-20
CVE-2025-59718,Fortinet,Multiple Products,Fortinet Multiple Products Improper Verification of Cryptographic Signature Vulnerability,2025-12-16,"Fortinet FortiOS, FortiSwitchMaster, FortiProxy, and FortiWeb contain an improper verification of cryptographic signature vulnerability that may allow an unauthenticated attacker to bypass the FortiCloud SSO login authentication via a crafted SAML message. Please be aware that CVE-2025-59719 pertains to the same problem and is mentioned in the same vendor advisory. Ensure to apply all patches mentioned in the advisory.","Apply mitigations per vendor instructions, follow applicable BOD 22-01 guidance for cloud services, or discontinue use of the product if mitigations are unavailable.",2025-12-23,Unknown,https://fortiguard.fortinet.com/psirt/FG-IR-25-647 ; https://docs.fortinet.com/upgrade-tool/fortigate ; https://nvd.nist.gov/vuln/detail/CVE-2025-59718,CWE-347
CVE-2025-14611,Gladinet,CentreStack and Triofox,Gladinet CentreStack and Triofox Hard Coded Cryptographic Vulnerability,2025-12-15,Gladinet CentreStack and TrioFox contain a hardcoded cryptographic keys vulnerability for their implementation of the AES cryptoscheme. This vulnerability degrades security for public exposed endpoints that may make use of it and may offer arbitrary local file inclusion when provided a specially crafted request without authentication.,"Apply mitigations per vendor instructions, follow applicable BOD 22-01 guidance for cloud services, or discontinue use of the product if mitigations are unavailable.",2026-01-05,Unknown,https://www.centrestack.com/p/gce_latest_release.html ; https://access.triofox.com/releases_history/; https://support.centrestack.com/hc/en-us/articles/360007159054-Hardening-the-CentreStack-Cluster#h_01JQRV57T37HJFQZKBZH9NBXQP ; https://nvd.nist.gov/vuln/detail/CVE-2025-14611,CWE-798
CVE-2025-43529,Apple,Multiple Products,Apple Multiple Products Use-After-Free WebKit Vulnerability,2025-12-15,"Apple iOS, iPadOS, macOS, and other Apple products contain a use-after-free vulnerability in WebKit. Processing maliciously crafted web content may lead to memory corruption. This vulnerability could impact HTML parsers that use WebKit, including but not limited to Apple Safari and non-Apple products which rely on WebKit for HTML processing.","Apply mitigations per vendor instructions, follow applicable BOD 22-01 guidance for cloud services, or discontinue use of the product if mitigations are unavailable.",2026-01-05,Unknown,https://support.apple.com/en-us/125884 ; https://support.apple.com/en-us/125892 ; https://support.apple.com/en-us/125885 ; https://support.apple.com/en-us/125886 ; https://support.apple.com/en-us/125889 ; https://nvd.nist.gov/vuln/detail/CVE-2025-43529,CWE-416
CVE-2018-4063,Sierra Wireless,AirLink ALEOS,Sierra Wireless AirLink ALEOS Unrestricted Upload of File with Dangerous Type Vulnerability,2025-12-12,"Sierra Wireless AirLink ALEOS contains an unrestricted upload of file with dangerous type vulnerability. A specially crafted HTTP request can upload a file, resulting in executable code being uploaded, and routable, to the webserver. An attacker can make an authenticated HTTP request to trigger this vulnerability. The impacted product could be end-of-life (EoL) and/or end-of-service (EoS). Users should discontinue product utilization.","Apply mitigations per vendor instructions, follow applicable BOD 22-01 guidance for cloud services, or discontinue use of the product if mitigations are unavailable.",2026-01-02,Unknown,https://www.cisa.gov/news-events/ics-advisories/icsa-19-122-03 ; https://source.sierrawireless.com/resources/airlink/software_reference_docs/technical-bulletin/sierra-wireless-technical-bulletin---swi-psa-2019-003 ; https://source.sierrawireless.com/resources/airlink/hardware_reference_docs/airlink_es450_eol ; https://nvd.nist.gov/vuln/detail/CVE-2018-4063,CWE-434
CVE-2025-14174,Google,Chromium,Google Chromium Out of Bounds Memory Access Vulnerability,2025-12-12,"Google Chromium contains an out of bounds memory access vulnerability in ANGLE that could allow a remote attacker to perform out of bounds memory access via a crafted HTML page. This vulnerability could affect multiple web browsers that utilize Chromium, including, but not limited to, Google Chrome, Microsoft Edge, and Opera.","Apply mitigations per vendor instructions, follow applicable BOD 22-01 guidance for cloud services, or discontinue use of the product if mitigations are unavailable.",2026-01-02,Unknown,https://chromereleases.googleblog.com/2025/12/stable-channel-update-for-desktop_10.html ; https://learn.microsoft.com/en-us/deployedge/microsoft-edge-relnotes-security ; https://nvd.nist.gov/vuln/detail/CVE-2025-14174,
CVE-2025-58360,OSGeo,GeoServer,OSGeo GeoServer Improper Restriction of XML External Entity Reference Vulnerability,2025-12-11,OSGeo GeoServer contains an improper restriction of XML external entity reference vulnerability that occurs when the application accepts XML input through a specific endpoint /geoserver/wms operation GetMap and could allow an attacker to define external entities within the XML request.,"Apply mitigations per vendor instructions, follow applicable BOD 22-01 guidance for cloud services, or discontinue use of the product if mitigations are unavailable.",2026-01-01,Unknown,"This vulnerability affects an open-source component, third-party library, or a protocol used by different products. For more information, please see: https://github.com/geoserver/geoserver/security/advisories/GHSA-fjf5-xgmq-5525 ; https://osgeo-org.atlassian.net/browse/GEOS-11922 ; https://nvd.nist.gov/vuln/detail/CVE-2025-58360",CWE-611
CVE-2025-6218,RARLAB,WinRAR,RARLAB WinRAR Path Traversal Vulnerability,2025-12-09,RARLAB WinRAR contains a path traversal vulnerability allowing an attacker to execute code in the context of the current user.,"Apply mitigations per vendor instructions, follow applicable BOD 22-01 guidance for cloud services, or discontinue use of the product if mitigations are unavailable.",2025-12-30,Unknown,https://www.win-rar.com/singlenewsview.html?&L=0&tx_ttnews%5Btt_news%5D=276&cHash=b5165454d983fc9717bc8748901a64f9 ; https://nvd.nist.gov/vuln/detail/CVE-2025-6218,CWE-22
CVE-2025-62221,Microsoft,Windows,Microsoft Windows Use After Free Vulnerability,2025-12-09,Microsoft Windows Cloud Files Mini Filter Driver contains a use after free vulnerability that can allow an authorized attacker to elevate privileges locally.,"Apply mitigations per vendor instructions, follow applicable BOD 22-01 guidance for cloud services, or discontinue use of the product if mitigations are unavailable.",2025-12-30,Unknown,https://msrc.microsoft.com/update-guide/en-US/vulnerability/CVE-2025-62221 ; https://nvd.nist.gov/vuln/detail/CVE-2025-62221,CWE-416
CVE-2022-37055,D-Link,Routers,D-Link Routers Buffer Overflow Vulnerability,2025-12-08,"D-Link Routers contains a buffer overflow vulnerability that has a high impact on confidentiality, integrity, and availability. The impacted products could be end-of-life (EoL) and/or end-of-service (EoS). Users should discontinue product utilization.","Apply mitigations per vendor instructions, follow applicable BOD 22-01 guidance for cloud services, or discontinue use of the product if mitigations are unavailable.",2025-12-29,Unknown,https://supportannouncement.us.dlink.com/security/publication.aspx?name=SAP10308 ; https://nvd.nist.gov/vuln/detail/CVE-2022-37055,CWE-120
CVE-2025-66644,Array Networks ,ArrayOS AG,Array Networks ArrayOS AG OS Command Injection Vulnerability,2025-12-08,Array Networks ArrayOS AG contains an OS command injection vulnerability that could allow an attacker to execute arbitrary commands.,"Apply mitigations per vendor instructions, follow applicable BOD 22-01 guidance for cloud services, or discontinue use of the product if mitigations are unavailable.",2025-12-29,Unknown,https://support.arraynetworks.net/prx/001/http/supportportal.arraynetworks.net/ag.html ; https://www.jpcert.or.jp/at/2025/at250024.html ; https://nvd.nist.gov/vuln/detail/CVE-2025-66644,CWE-78
CVE-2025-55182,Meta,React Server Components,Meta React Server Components Remote Code Execution Vulnerability,2025-12-05,"Meta React Server Components contains a remote code execution vulnerability that could allow unauthenticated remote code execution by exploiting a flaw in how React decodes payloads sent to React Server Function endpoints. Please note CVE-2025-66478 has been rejected, but it is associated with CVE-2025- 55182.","Apply mitigations per vendor instructions, follow applicable BOD 22-01 guidance for cloud services, or discontinue use of the product if mitigations are unavailable.",2025-12-12,Known,"Check for signs of potential compromise on all internet accessible REACT instances after applying mitigations. For more information, please see: https://react.dev/blog/2025/12/03/critical-security-vulnerability-in-react-server-components ; https://github.com/vercel-labs/fix-react2shell-next?tab=readme-ov-file ; https://nvd.nist.gov/vuln/detail/CVE-2025-55182",
CVE-2021-26828,OpenPLC,ScadaBR,OpenPLC ScadaBR Unrestricted Upload of File with Dangerous Type Vulnerability,2025-12-03,OpenPLC ScadaBR contains an unrestricted upload of file with dangerous type vulnerability that allows remote authenticated users to upload and execute arbitrary JSP files via view_edit.shtm.,"Apply mitigations per vendor instructions, follow applicable BOD 22-01 guidance for cloud services, or discontinue use of the product if mitigations are unavailable.",2025-12-24,Unknown,"This vulnerability could affect an open-source component, third-party library, protocol, or proprietary implementation that could be used by different products. For more information, please see: https://github.com/SCADA-LTS/Scada-LTS/pull/2174 ; https://nvd.nist.gov/vuln/detail/CVE-2021-26828",CWE-434
CVE-2025-48633,Android,Framework,Android Framework Information Disclosure Vulnerability,2025-12-02,Android Framework contains an unspecified vulnerability that allows for information disclosure.,"Apply mitigations per vendor instructions, follow applicable BOD 22-01 guidance for cloud services, or discontinue use of the product if mitigations are unavailable.",2025-12-23,Unknown,https://source.android.com/docs/security/bulletin/2025-12-01 ; https://nvd.nist.gov/vuln/detail/CVE-2025-48633,
CVE-2025-48572,Android,Framework,Android Framework Privilege Escalation Vulnerability,2025-12-02,Android Framework contains an unspecified vulnerability that allows for privilege escalation.,"Apply mitigations per vendor instructions, follow applicable BOD 22-01 guidance for cloud services, or discontinue use of the product if mitigations are unavailable.",2025-12-23,Unknown,https://source.android.com/docs/security/bulletin/2025-12-01 ; https://nvd.nist.gov/vuln/detail/CVE-2025-48572,
CVE-2021-26829,OpenPLC,ScadaBR,OpenPLC ScadaBR Cross-site Scripting Vulnerability,2025-11-28,OpenPLC ScadaBR contains a cross-site scripting vulnerability via system_settings.shtm.,"Apply mitigations per vendor instructions, follow applicable BOD 22-01 guidance for cloud services, or discontinue use of the product if mitigations are unavailable.",2025-12-19,Unknown,"This vulnerability could affect an open-source component, third-party library, protocol, or proprietary implementation that could be used by different products. For more information, please see: https://github.com/SCADA-LTS/Scada-LTS/pull/3211 ; https://nvd.nist.gov/vuln/detail/CVE-2021-26829",CWE-79
CVE-2025-61757,Oracle,Fusion Middleware,Oracle Fusion Middleware Missing Authentication for Critical Function Vulnerability,2025-11-21,"Oracle Fusion Middleware contains a missing authentication for critical function vulnerability, allowing unauthenticated remote attackers to take over Identity Manager.","Apply mitigations per vendor instructions, follow applicable BOD 22-01 guidance for cloud services, or discontinue use of the product if mitigations are unavailable.",2025-12-12,Unknown,https://www.oracle.com/security-alerts/cpuoct2025.html ; https://nvd.nist.gov/vuln/detail/CVE-2025-61757,CWE-306
CVE-2025-13223,Google,Chromium V8,Google Chromium V8 Type Confusion Vulnerability,2025-11-19,Google Chromium V8 contains a type confusion vulnerability that allows for heap corruption.,"Apply mitigations per vendor instructions, follow applicable BOD 22-01 guidance for cloud services, or discontinue use of the product if mitigations are unavailable.",2025-12-10,Unknown,https://chromereleases.googleblog.com/2025/11/stable-channel-update-for-desktop_17.html ; https://nvd.nist.gov/vuln/detail/CVE-2025-13223,CWE-843
CVE-2025-58034,Fortinet,FortiWeb,Fortinet FortiWeb OS Command Injection Vulnerability,2025-11-18,Fortinet FortiWeb contains an OS command Injection vulnerability that may allow an authenticated attacker to execute unauthorized code on the underlying system via crafted HTTP requests or CLI commands.,"Apply mitigations per vendor instructions, follow applicable BOD 22-01 guidance for cloud services, or discontinue use of the product if mitigations are unavailable.",2025-11-25,Unknown,https://fortiguard.fortinet.com/psirt/FG-IR-25-513 ; https://nvd.nist.gov/vuln/detail/CVE-2025-58034,CWE-78
CVE-2025-64446,Fortinet,FortiWeb,Fortinet FortiWeb Path Traversal Vulnerability,2025-11-14,Fortinet FortiWeb contains a relative path traversal vulnerability that may allow an unauthenticated attacker to execute administrative commands on the system via crafted HTTP or HTTPS requests.,"Apply mitigations per vendor instructions, follow applicable BOD 22-01 guidance for cloud services, or discontinue use of the product if mitigations are unavailable.",2025-11-21,Unknown,https://www.fortiguard.com/psirt/FG-IR-25-910 ; https://nvd.nist.gov/vuln/detail/CVE-2025-64446,CWE-23
CVE-2025-12480,Gladinet,Triofox,Gladinet Triofox Improper Access Control Vulnerability,2025-11-12,Gladinet Triofox contains an improper access control vulnerability that allows access to initial setup pages even after setup is complete.,"Apply mitigations per vendor instructions, follow applicable BOD 22-01 guidance for cloud services, or discontinue use of the product if mitigations are unavailable.",2025-12-03,Unknown,https://access.triofox.com/releases_history ; https://nvd.nist.gov/vuln/detail/CVE-2025-12480,CWE-284
CVE-2025-62215,Microsoft,Windows,Microsoft Windows Race Condition Vulnerability,2025-11-12,Microsoft Windows Kernel contains a race condition vulnerability that allows a local attacker with low-level privileges to escalate privileges. Successful exploitation of this vulnerability could enable the attacker to gain SYSTEM-level access.,"Apply mitigations per vendor instructions, follow applicable BOD 22-01 guidance for cloud services, or discontinue use of the product if mitigations are unavailable.",2025-12-03,Unknown,https://msrc.microsoft.com/update-guide/en-US/vulnerability/CVE-2025-62215 ; https://nvd.nist.gov/vuln/detail/CVE-2025-62215,CWE-362
CVE-2025-9242,WatchGuard,Firebox,WatchGuard Firebox Out-of-Bounds Write Vulnerability,2025-11-12,WatchGuard Firebox contains an out-of-bounds write vulnerability in the OS iked process that may allow a remote unauthenticated attacker to execute arbitrary code.,"Apply mitigations per vendor instructions, follow applicable BOD 22-01 guidance for cloud services, or discontinue use of the product if mitigations are unavailable.",2025-12-03,Unknown,https://www.watchguard.com/wgrd-psirt/advisory/wgsa-2025-00015 ; https://nvd.nist.gov/vuln/detail/CVE-2025-9242,CWE-787
CVE-2025-21042,Samsung,Mobile Devices,Samsung Mobile Devices Out-of-Bounds Write Vulnerability,2025-11-10,Samsung mobile devices contain an out-of-bounds write vulnerability in libimagecodec.quram.so. This vulnerability could allow remote attackers to execute arbitrary code.,"Apply mitigations per vendor instructions, follow applicable BOD 22-01 guidance for cloud services, or discontinue use of the product if mitigations are unavailable.",2025-12-01,Unknown,https://security.samsungmobile.com/securityUpdate.smsb?year=2025&month=04 ; https://nvd.nist.gov/vuln/detail/CVE-2025-21042,CWE-787
CVE-2025-48703,CWP,Control Web Panel,CWP Control Web Panel OS Command Injection Vulnerability,2025-11-04,CWP Control Web Panel (formerly CentOS Web Panel) contains an OS command Injection vulnerability that allows unauthenticated remote code execution via shell metacharacters in the t_total parameter in a filemanager changePerm request. A valid non-root username must be known.,"Apply mitigations per vendor instructions, follow applicable BOD 22-01 guidance for cloud services, or discontinue use of the product if mitigations are unavailable.",2025-11-25,Unknown,https://control-webpanel.com/changelog ; https://nvd.nist.gov/vuln/detail/CVE-2025-48703,CWE-78
CVE-2025-11371,Gladinet,CentreStack and Triofox,Gladinet CentreStack and Triofox Files or Directories Accessible to External Parties Vulnerability,2025-11-04,Gladinet CentreStack and Triofox contains a files or directories accessible to external parties vulnerability that allows unintended disclosure of system files.,"Apply mitigations per vendor instructions, follow applicable BOD 22-01 guidance for cloud services, or discontinue use of the product if mitigations are unavailable.",2025-11-25,Unknown,https://www.centrestack.com/p/gce_latest_release.html ; https://nvd.nist.gov/vuln/detail/CVE-2025-11371,CWE-552
CVE-2025-41244,Broadcom,VMware Aria Operations and VMware Tools,Broadcom VMware Aria Operations and VMware Tools Privilege Defined with Unsafe Actions Vulnerability,2025-10-30,Broadcom VMware Aria Operations and VMware Tools contain a privilege defined with unsafe actions vulnerability. A malicious local actor with non-administrative privileges having access to a VM with VMware Tools installed and managed by Aria Operations with SDMP enabled may exploit this vulnerability to escalate privileges to root on the same VM.,"Apply mitigations per vendor instructions, follow applicable BOD 22-01 guidance for cloud services, or discontinue use of the product if mitigations are unavailable.",2025-11-20,Unknown,https://support.broadcom.com/web/ecx/support-content-notification/-/external/content/SecurityAdvisories/0/36149 ; https://nvd.nist.gov/vuln/detail/CVE-2025-41244,CWE-267
CVE-2025-24893,XWiki,Platform,XWiki Platform Eval Injection Vulnerability,2025-10-30,XWiki Platform contains an eval injection vulnerability that could allow any guest to perform arbitrary remote code execution through a request to SolrSearch.,"Apply mitigations per vendor instructions, follow applicable BOD 22-01 guidance for cloud services, or discontinue use of the product if mitigations are unavailable.",2025-11-20,Unknown,https://github.com/xwiki/xwiki-platform/security/advisories/GHSA-rr6p-3pfg-562j ; https://nvd.nist.gov/vuln/detail/CVE-2025-24893,CWE-95
CVE-2025-6204,Dassault Systèmes,DELMIA Apriso,Dassault Systèmes DELMIA Apriso Code Injection Vulnerability,2025-10-28,Dassault Systèmes DELMIA Apriso contains a code injection vulnerability that could allow an attacker to execute arbitrary code.,"Apply mitigations per vendor instructions, follow applicable BOD 22-01 guidance for cloud services, or discontinue use of the product if mitigations are unavailable.",2025-11-18,Unknown,https://www.3ds.com/trust-center/security/security-advisories/cve-2025-6204 ; https://nvd.nist.gov/vuln/detail/CVE-2025-6204,CWE-94
CVE-2025-6205,Dassault Systèmes,DELMIA Apriso,Dassault Systèmes DELMIA Apriso Missing Authorization Vulnerability,2025-10-28,Dassault Systèmes DELMIA Apriso contains a missing authorization vulnerability that could allow an attacker to gain privileged access to the application.,"Apply mitigations per vendor instructions, follow applicable BOD 22-01 guidance for cloud services, or discontinue use of the product if mitigations are unavailable.",2025-11-18,Unknown,https://www.3ds.com/trust-center/security/security-advisories/cve-2025-6205 ; https://nvd.nist.gov/vuln/detail/CVE-2025-6205,CWE-862
CVE-2025-54236,Adobe,Commerce and Magento,Adobe Commerce and Magento Improper Input Validation Vulnerability,2025-10-24,Adobe Commerce and Magento Open Source contain an improper input validation vulnerability that could allow an attacker to take over customer accounts through the Commerce REST API.,"Apply mitigations per vendor instructions, follow applicable BOD 22-01 guidance for cloud services, or discontinue use of the product if mitigations are unavailable.",2025-11-14,Unknown,https://experienceleague.adobe.com/en/docs/experience-cloud-kcs/kbarticles/ka-27397 ; https://nvd.nist.gov/vuln/detail/CVE-2025-54236,CWE-20
CVE-2025-59287,Microsoft,Windows,Microsoft Windows Server Update Service (WSUS) Deserialization of Untrusted Data Vulnerability,2025-10-24,Microsoft Windows Server Update Service (WSUS) contains a deserialization of untrusted data vulnerability that allows for remote code execution.,"Apply mitigations per vendor instructions, follow applicable BOD 22-01 guidance for cloud services, or discontinue use of the product if mitigations are unavailable.",2025-11-14,Unknown,https://msrc.microsoft.com/update-guide/en-US/vulnerability/CVE-2025-59287 ; https://nvd.nist.gov/vuln/detail/CVE-2025-59287,CWE-502
CVE-2025-61932,Motex,LANSCOPE Endpoint Manager,Motex LANSCOPE Endpoint Manager Improper Verification of Source of a Communication Channel Vulnerability,2025-10-22,Motex LANSCOPE Endpoint Manager contains an improper verification of source of a communication channel vulnerability allowing an attacker to execute arbitrary code by sending specially crafted packets.,"Apply mitigations per vendor instructions, follow applicable BOD 22-01 guidance for cloud services, or discontinue use of the product if mitigations are unavailable.",2025-11-12,Unknown,https://www.motex.co.jp/news/notice/2025/release251020/ ; https://nvd.nist.gov/vuln/detail/CVE-2025-61932,CWE-940
CVE-2022-48503,Apple,Multiple Products,Apple Multiple Products Unspecified Vulnerability,2025-10-20,"Apple macOS, iOS, tvOS, Safari, and watchOS contain an unspecified vulnerability in JavaScriptCore that when processing web content may lead to arbitrary code execution. The impacted product could be end-of-life (EoL) and/or end-of-service (EoS). Users should discontinue product utilization.","Apply mitigations per vendor instructions, follow applicable BOD 22-01 guidance for cloud services, or discontinue use of the product if mitigations are unavailable.",2025-11-10,Unknown,https://support.apple.com/en-us/HT213340 ; https://support.apple.com/en-us/HT213341 ; https://support.apple.com/en-us/HT213342 ; https://support.apple.com/en-us/HT213345 ; https://support.apple.com/en-us/HT213346 ; https://nvd.nist.gov/vuln/detail/CVE-2022-48503,
